track,cdr,classical,delong_auc1,delong_auc2,delong_diff,delong_se,delong_ci95,delong_z,delong_p,blockboot_diff,blockboot_ci95,blockboot_p_two_sided,blockboot_n_blocks,blockboot_n_boot
A,A_full_s42,RF_cdr7,0.9398620090009757,0.9799910224475158,-0.040129013446540074,0.003148710327582788,"[-0.04630048568860234, -0.03395754120447781]",-12.74458723465567,3.3415469027129485e-37,,,,,
A,A_nophys_s42,RF_cdr7,0.9447639222736994,0.9799910224475158,-0.03522710017381636,0.0029693034238559525,"[-0.041046934884574025, -0.029407265463058694]",-11.863758984950845,1.8258978429048163e-32,,,,,
A,A_full_s43,RF_cdr7,0.9394822904349287,0.9799910224475158,-0.04050873201258709,0.0031789027823361142,"[-0.046739381465965874, -0.034278082559208306]",-12.742991776180713,3.4106051193169066e-37,,,,,
A,A_nophys_s43,RF_cdr7,0.94687827117297,0.9799910224475158,-0.033112751274545826,0.0028811347287440235,"[-0.03875977534288411, -0.02746572720620754]",-11.492954822345537,1.4313090401591e-30,,,,,
A,A_full_s44,RF_cdr7,0.9369366313218447,0.9799910224475158,-0.04305439112567111,0.0031313095691512696,"[-0.049191757881207596, -0.036917024370134624]",-13.749643775189194,5.1180904752939245e-43,,,,,
A,A_nophys_s44,RF_cdr7,0.9433378322057883,0.9799910224475158,-0.03665319024172753,0.003055632552284087,"[-0.04264223004420434, -0.03066415043925072]",-11.995287265260101,3.761100073821298e-33,,,,,
A,A_full_s42,MaxEnt_cdr7,0.9398620090009757,0.9584415647353015,-0.018579555734325792,0.0034579380741243337,"[-0.025357114359609488, -0.011801997109042098]",-5.373015749864393,7.743056271526671e-08,,,,,
A,A_nophys_s42,MaxEnt_cdr7,0.9447639222736994,0.9584415647353015,-0.01367764246160208,0.003239880209591485,"[-0.02002780767240139, -0.00732747725080277]",-4.221650671253271,2.4251975999623987e-05,,,,,
A,A_full_s43,MaxEnt_cdr7,0.9394822904349287,0.9584415647353015,-0.018959274300372808,0.0034719156128945106,"[-0.02576422890164605, -0.012154319699099567]",-5.460753202053376,4.74118761539686e-08,,,,,
A,A_nophys_s43,MaxEnt_cdr7,0.94687827117297,0.9584415647353015,-0.011563293562331545,0.0031132162876644706,"[-0.017665197486153906, -0.005461389638509183]",-3.7142596253748588,0.00020379948143617722,,,,,
A,A_full_s44,MaxEnt_cdr7,0.9369366313218447,0.9584415647353015,-0.021504933413456828,0.0034735667851046683,"[-0.02831312431226198, -0.014696742514651678]",-6.191023447619944,5.977481562659395e-10,,,,,
A,A_nophys_s44,MaxEnt_cdr7,0.9433378322057883,0.9584415647353015,-0.015103732529513247,0.003313263603697873,"[-0.021597729192761077, -0.008609735866265417]",-4.558566518117137,5.150395249680917e-06,,,,,
A,A_full_s42,LogReg_cdr7,0.9398620090009757,0.9237086741814798,0.01615333481949588,0.004340412865764576,"[0.007646125602597311, 0.02466054403639445]",3.7216125099312243,0.00019795462984462448,,,,,
A,A_nophys_s42,LogReg_cdr7,0.9447639222736994,0.9237086741814798,0.02105524809221959,0.004307608335836113,"[0.012612335753980809, 0.029498160430458373]",4.887920732499171,1.0190654334448697e-06,,,,,
A,A_full_s43,LogReg_cdr7,0.9394822904349287,0.9237086741814798,0.015773616253448863,0.004343993619438213,"[0.007259388759349965, 0.024287843747547763]",3.6311324636542133,0.00028218029796489515,,,,,
A,A_nophys_s43,LogReg_cdr7,0.94687827117297,0.9237086741814798,0.023169596991490127,0.00423138894654205,"[0.01487607465626771, 0.031463119326712544]",5.475648134503127,4.359131186511906e-08,,,,,
A,A_full_s44,LogReg_cdr7,0.9369366313218447,0.9237086741814798,0.013227957140364843,0.0042924344140551195,"[0.004814785688816809, 0.021641128591912875]",3.081691148745641,0.002058282767701256,,,,,
A,A_nophys_s44,LogReg_cdr7,0.9433378322057883,0.9237086741814798,0.019629158024308424,0.004297810227292533,"[0.01120544997881506, 0.02805286606980179]",4.567246338532284,4.941731370352316e-06,,,,,
A,A_full_s42,RF_v2agg,0.9398620090009757,0.9808429408895006,-0.04098093188852492,0.003214898780186187,"[-0.047282133497689845, -0.03467973027935999]",-12.74719196171755,3.2317777223408855e-37,,,,,
A,A_nophys_s42,RF_v2agg,0.9447639222736994,0.9808429408895006,-0.036079018615801206,0.0030141440108372047,"[-0.04198674087704213, -0.030171296354560284]",-11.969905381455197,5.108685125935839e-33,,,,,
A,A_full_s43,RF_v2agg,0.9394822904349287,0.9808429408895006,-0.041360650454571934,0.0032314306283120343,"[-0.04769425448606352, -0.03502704642308035]",-12.799485804272713,1.650404014060419e-37,,,,,
A,A_nophys_s43,RF_v2agg,0.94687827117297,0.9808429408895006,-0.03396466971653067,0.0029589948316195245,"[-0.03976429958650494, -0.028165039846556404]",-11.478448476350005,1.6929109998961324e-30,,,,,
A,A_full_s44,RF_v2agg,0.9369366313218447,0.9808429408895006,-0.043906309567655954,0.003202331239554606,"[-0.05018287879718298, -0.03762974033812893]",-13.710733301206728,8.756832030647536e-43,,,,,
A,A_nophys_s44,RF_v2agg,0.9433378322057883,0.9808429408895006,-0.037505108683712374,0.0030828252647405597,"[-0.04354744620260387, -0.03146277116482088]",-12.165823704856875,4.726533141910454e-34,,,,,
A,A_full_s42,MaxEnt_v2agg,0.9398620090009757,0.9662690576114137,-0.026407048610437966,0.0033184490080803903,"[-0.03291120866627553, -0.0199028885546004]",-7.957647848780279,1.7534054400389625e-15,,,,,
A,A_nophys_s42,MaxEnt_v2agg,0.9447639222736994,0.9662690576114137,-0.021505135337714254,0.0031692729285783,"[-0.02771691027772772, -0.015293360397700786]",-6.785510690416055,1.1567658458608128e-11,,,,,
A,A_full_s43,MaxEnt_v2agg,0.9394822904349287,0.9662690576114137,-0.026786767176484982,0.0033395541815394534,"[-0.03333229337230231, -0.020241240980667652]",-8.021060812415666,1.0483580707614972e-15,,,,,
A,A_nophys_s43,MaxEnt_v2agg,0.94687827117297,0.9662690576114137,-0.01939078643844372,0.0031011765918530707,"[-0.025469092558475737, -0.013312480318411701]",-6.252719206440608,4.033669907754564e-10,,,,,
A,A_full_s44,MaxEnt_v2agg,0.9369366313218447,0.9662690576114137,-0.029332426289569002,0.003326930453106311,"[-0.03585320997765737, -0.022811642601480633]",-8.816663498986493,1.1792095836721493e-18,,,,,
A,A_nophys_s44,MaxEnt_v2agg,0.9433378322057883,0.9662690576114137,-0.02293122540562542,0.0032365055111089136,"[-0.029274776207398892, -0.01658767460385195]",-7.085180398091944,1.388632907187217e-12,,,,,
A,A_full_s42,LogReg_v2agg,0.9398620090009757,0.956080868241999,-0.016218859241023287,0.0034837828857318303,"[-0.023047073697057673, -0.0093906447849889]",-4.655531005519659,3.231467696739067e-06,,,,,
A,A_nophys_s42,LogReg_v2agg,0.9447639222736994,0.956080868241999,-0.011316945968299574,0.0032808562011245198,"[-0.017747424122503633, -0.004886467814095516]",-3.449387987324976,0.0005618587788226434,,,,,
A,A_full_s43,LogReg_v2agg,0.9394822904349287,0.956080868241999,-0.016598577807070303,0.003503498438508898,"[-0.02346543474654774, -0.009731720867592863]",-4.737715200505333,2.1614127931984767e-06,,,,,
A,A_nophys_s43,LogReg_v2agg,0.94687827117297,0.956080868241999,-0.00920259706902904,0.003194384552436629,"[-0.015463590791804833, -0.002941603346253246]",-2.880867008328548,0.0039658293846454975,,,,,
A,A_full_s44,LogReg_v2agg,0.9369366313218447,0.956080868241999,-0.019144236920154323,0.0034710949374813335,"[-0.025947582997617735, -0.01234089084269091]",-5.515330829310478,3.481244693282902e-08,,,,,
A,A_nophys_s44,LogReg_v2agg,0.9433378322057883,0.956080868241999,-0.012743036036210742,0.0033530184011861495,"[-0.019314952102535594, -0.006171119969885889]",-3.8004670751889758,0.00014442360741143226,,,,,
B1,B1_full_s42,RF_cdr7,,,,,,,,-0.2555321933997541,"[-0.2987557785918381, -0.2126075244573933]",0.0,123.0,300.0
B1,B1_nophys_s42,RF_cdr7,,,,,,,,-0.2592611544173854,"[-0.30015866541984143, -0.217608465488933]",0.0,123.0,300.0
B1,B1_full_s43,RF_cdr7,,,,,,,,-0.2523525851689751,"[-0.3001890378561862, -0.21155189446538197]",0.0,123.0,300.0
B1,B1_nophys_s43,RF_cdr7,,,,,,,,-0.2571216059448078,"[-0.2983250647604353, -0.21498143408803438]",0.0,123.0,300.0
B1,B1_full_s44,RF_cdr7,,,,,,,,-0.2428494219292,"[-0.28967922583774686, -0.20031635627258185]",0.0,123.0,300.0
B1,B1_nophys_s44,RF_cdr7,,,,,,,,-0.27232648602716747,"[-0.3120983688562542, -0.23209899878737994]",0.0,123.0,300.0
B1,B1_full_s42,MaxEnt_cdr7,,,,,,,,-0.23015897404852093,"[-0.27253830846947574, -0.1862515482941743]",0.0,123.0,300.0
B1,B1_nophys_s42,MaxEnt_cdr7,,,,,,,,-0.23388793506615224,"[-0.2721413449577744, -0.1924461811264942]",0.0,123.0,300.0
B1,B1_full_s43,MaxEnt_cdr7,,,,,,,,-0.22697936581774192,"[-0.2732375415618301, -0.18602164692999001]",0.0,123.0,300.0
B1,B1_nophys_s43,MaxEnt_cdr7,,,,,,,,-0.23174838659357466,"[-0.2708086464888754, -0.1907056263653843]",0.0,123.0,300.0
B1,B1_full_s44,MaxEnt_cdr7,,,,,,,,-0.21747620257796685,"[-0.25883505040736765, -0.1759350817242885]",0.0,123.0,300.0
B1,B1_nophys_s44,MaxEnt_cdr7,,,,,,,,-0.2469532666759343,"[-0.2821551661582005, -0.20567414232286066]",0.0,123.0,300.0
B1,B1_full_s42,LogReg_cdr7,,,,,,,,-0.20196961347300846,"[-0.2421154510038834, -0.16019128806845945]",0.0,123.0,300.0
B1,B1_nophys_s42,LogReg_cdr7,,,,,,,,-0.20569857449063977,"[-0.24285110114190459, -0.16708533401868336]",0.0,123.0,300.0
B1,B1_full_s43,LogReg_cdr7,,,,,,,,-0.19879000524222945,"[-0.2442886610302313, -0.1576831719005197]",0.0,123.0,300.0
B1,B1_nophys_s43,LogReg_cdr7,,,,,,,,-0.2035590260180622,"[-0.24173082392455528, -0.16640559348655387]",0.0,123.0,300.0
B1,B1_full_s44,LogReg_cdr7,,,,,,,,-0.18928684200245438,"[-0.23326472910651186, -0.14894936986414173]",0.0,123.0,300.0
B1,B1_nophys_s44,LogReg_cdr7,,,,,,,,-0.21876390610042185,"[-0.2518725071888196, -0.18254272854323694]",0.0,123.0,300.0
B1,B1_full_s42,RF_v2agg,,,,,,,,-0.25840096820333835,"[-0.300934198468773, -0.2157828866567897]",0.0,123.0,300.0
B1,B1_nophys_s42,RF_v2agg,,,,,,,,-0.26212992922096967,"[-0.30341501068330073, -0.22052725726163044]",0.0,123.0,300.0
B1,B1_full_s43,RF_v2agg,,,,,,,,-0.25522135997255935,"[-0.3024442984638289, -0.21352693305237655]",0.0,123.0,300.0
B1,B1_nophys_s43,RF_v2agg,,,,,,,,-0.2599903807483921,"[-0.3019302551562198, -0.21842443289495184]",0.0,123.0,300.0
B1,B1_full_s44,RF_v2agg,,,,,,,,-0.24571819673278428,"[-0.2919579294918128, -0.20230993361720087]",0.0,123.0,300.0
B1,B1_nophys_s44,RF_v2agg,,,,,,,,-0.27519526083075174,"[-0.31521332156783854, -0.23551027177920403]",0.0,123.0,300.0
B1,B1_full_s42,MaxEnt_v2agg,,,,,,,,-0.23279129747328375,"[-0.2745445445454637, -0.19255058242942796]",0.0,123.0,300.0
B1,B1_nophys_s42,MaxEnt_v2agg,,,,,,,,-0.23652025849091507,"[-0.2763672368481803, -0.19649582390506637]",0.0,123.0,300.0
B1,B1_full_s43,MaxEnt_v2agg,,,,,,,,-0.22961168924250475,"[-0.2763462864611779, -0.18913638586748702]",0.0,123.0,300.0
B1,B1_nophys_s43,MaxEnt_v2agg,,,,,,,,-0.2343807100183375,"[-0.274914840000546, -0.19428488870739527]",0.0,123.0,300.0
B1,B1_full_s44,MaxEnt_v2agg,,,,,,,,-0.22010852600272968,"[-0.26442289450734147, -0.18045338552921233]",0.0,123.0,300.0
B1,B1_nophys_s44,MaxEnt_v2agg,,,,,,,,-0.24958559010069714,"[-0.2878832219215233, -0.2088942623423826]",0.0,123.0,300.0
B1,B1_full_s42,LogReg_v2agg,,,,,,,,-0.2307767007264061,"[-0.2732021712977313, -0.19065597202589088]",0.0,123.0,300.0
B1,B1_nophys_s42,LogReg_v2agg,,,,,,,,-0.23450566174403742,"[-0.27429616047307626, -0.195257197605558]",0.0,123.0,300.0
B1,B1_full_s43,LogReg_v2agg,,,,,,,,-0.2275970924956271,"[-0.2746794344117918, -0.18759093564226983]",0.0,123.0,300.0
B1,B1_nophys_s43,LogReg_v2agg,,,,,,,,-0.23236611327145984,"[-0.2712086539860992, -0.19382294553414942]",0.0,123.0,300.0
B1,B1_full_s44,LogReg_v2agg,,,,,,,,-0.21809392925585203,"[-0.26173568192473745, -0.17747100278162636]",0.0,123.0,300.0
B1,B1_nophys_s44,LogReg_v2agg,,,,,,,,-0.2475709933538195,"[-0.2865133901708463, -0.20995175067940117]",0.0,123.0,300.0
B2,B2_full_s42,RF_cdr7,,,,,,,,-0.3470573175191889,"[-0.40154856108937703, -0.29713491636980954]",0.0,123.0,300.0
B2,B2_nophys_s42,RF_cdr7,,,,,,,,-0.3506869950624041,"[-0.39465362342901317, -0.313144335754712]",0.0,123.0,300.0
B2,B2_full_s43,RF_cdr7,,,,,,,,-0.361338389365648,"[-0.4164498644628417, -0.31169968222245964]",0.0,123.0,300.0
B2,B2_nophys_s43,RF_cdr7,,,,,,,,-0.3200529670667077,"[-0.370633084612598, -0.27464636816470195]",0.0,123.0,300.0
B2,B2_full_s44,RF_cdr7,,,,,,,,-0.4026412283868165,"[-0.4671059232689072, -0.34292045225050083]",0.0,123.0,300.0
B2,B2_nophys_s44,RF_cdr7,,,,,,,,-0.35374203090124623,"[-0.4126643766163412, -0.30741067650855824]",0.0,123.0,300.0
B2,B2_full_s42,MaxEnt_cdr7,,,,,,,,-0.24980793271085677,"[-0.32032433820175626, -0.18020404665396766]",0.0,123.0,300.0
B2,B2_nophys_s42,MaxEnt_cdr7,,,,,,,,-0.25343761025407197,"[-0.3059360894384398, -0.19434774415230532]",0.0,123.0,300.0
B2,B2_full_s43,MaxEnt_cdr7,,,,,,,,-0.2640890045573159,"[-0.32593016212542214, -0.19623588948870896]",0.0,123.0,300.0
B2,B2_nophys_s43,MaxEnt_cdr7,,,,,,,,-0.2228035822583756,"[-0.28543744755853545, -0.15974402169445992]",0.0,123.0,300.0
B2,B2_full_s44,MaxEnt_cdr7,,,,,,,,-0.30539184357848437,"[-0.36933044064925186, -0.24235137882822408]",0.0,123.0,300.0
B2,B2_nophys_s44,MaxEnt_cdr7,,,,,,,,-0.2564926460929141,"[-0.31932944971257327, -0.19708910696597162]",0.0,123.0,300.0
B2,B2_full_s42,LogReg_cdr7,,,,,,,,-0.2702765255843369,"[-0.32029363230993724, -0.2234444589184948]",0.0,123.0,300.0
B2,B2_nophys_s42,LogReg_cdr7,,,,,,,,-0.2739062031275521,"[-0.3164199055421574, -0.23155533355867872]",0.0,123.0,300.0
B2,B2_full_s43,LogReg_cdr7,,,,,,,,-0.284557597430796,"[-0.33810073126459883, -0.2332624189368945]",0.0,123.0,300.0
B2,B2_nophys_s43,LogReg_cdr7,,,,,,,,-0.24327217513185573,"[-0.28921441158057165, -0.19912348782096026]",0.0,123.0,300.0
B2,B2_full_s44,LogReg_cdr7,,,,,,,,-0.3258604364519645,"[-0.38977643392807126, -0.2687369896305585]",0.0,123.0,300.0
B2,B2_nophys_s44,LogReg_cdr7,,,,,,,,-0.27696123896639424,"[-0.3296584195581077, -0.23551129189815143]",0.0,123.0,300.0
B2,B2_full_s42,RF_v2agg,,,,,,,,-0.34890333507878546,"[-0.4030266167394359, -0.2997128013876653]",0.0,123.0,300.0
B2,B2_nophys_s42,RF_v2agg,,,,,,,,-0.35253301262200065,"[-0.39652982367436823, -0.3151875241957462]",0.0,123.0,300.0
B2,B2_full_s43,RF_v2agg,,,,,,,,-0.36318440692524456,"[-0.4174696130947842, -0.314350866281619]",0.0,123.0,300.0
B2,B2_nophys_s43,RF_v2agg,,,,,,,,-0.3218989846263043,"[-0.3713706789944859, -0.27633250253149044]",0.0,123.0,300.0
B2,B2_full_s44,RF_v2agg,,,,,,,,-0.40448724594641305,"[-0.4669576341252028, -0.34436721863171493]",0.0,123.0,300.0
B2,B2_nophys_s44,RF_v2agg,,,,,,,,-0.3555880484608428,"[-0.4128317796668018, -0.30958617629284557]",0.0,123.0,300.0
B2,B2_full_s42,MaxEnt_v2agg,,,,,,,,-0.28790202006323196,"[-0.342236791001256, -0.24321584664372528]",0.0,123.0,300.0
B2,B2_nophys_s42,MaxEnt_v2agg,,,,,,,,-0.29153169760644715,"[-0.33579533528026567, -0.25020306888830646]",0.0,123.0,300.0
B2,B2_full_s43,MaxEnt_v2agg,,,,,,,,-0.30218309190969106,"[-0.3544494337381653, -0.25251184714221986]",0.0,123.0,300.0
B2,B2_nophys_s43,MaxEnt_v2agg,,,,,,,,-0.2608976696107508,"[-0.3162457130738503, -0.2178422425702015]",0.0,123.0,300.0
B2,B2_full_s44,MaxEnt_v2agg,,,,,,,,-0.34348593093085955,"[-0.40608266299804363, -0.2849240972924653]",0.0,123.0,300.0
B2,B2_nophys_s44,MaxEnt_v2agg,,,,,,,,-0.2945867334452893,"[-0.3555683623943263, -0.24779324790475019]",0.0,123.0,300.0
B2,B2_full_s42,LogReg_v2agg,,,,,,,,-0.30684618475197234,"[-0.3576184423035313, -0.26035345641551355]",0.0,123.0,300.0
B2,B2_nophys_s42,LogReg_v2agg,,,,,,,,-0.31047586229518753,"[-0.3500812771511536, -0.27191826333637426]",0.0,123.0,300.0
B2,B2_full_s43,LogReg_v2agg,,,,,,,,-0.32112725659843144,"[-0.3717139681419881, -0.27199748858961603]",0.0,123.0,300.0
B2,B2_nophys_s43,LogReg_v2agg,,,,,,,,-0.27984183429949117,"[-0.3286215346830261, -0.2350395836129389]",0.0,123.0,300.0
B2,B2_full_s44,LogReg_v2agg,,,,,,,,-0.36243009561959993,"[-0.42149202862574814, -0.30568253065026074]",0.0,123.0,300.0
B2,B2_nophys_s44,LogReg_v2agg,,,,,,,,-0.3135308981340297,"[-0.36896408299563666, -0.26846415352911085]",0.0,123.0,300.0
B3,B3_nophys_s42,null_climatological_frequency,0.9050933777416321,0.908355983224128,-0.003262605482495906,0.00033657739769223685,"[-0.00392229718197269, -0.002602913783019122]",-9.693477651399519,3.2139472092257835e-22,,,,,
B3,B3_nophys_s43,null_climatological_frequency,0.9043033145743221,0.908355983224128,-0.004052668649805913,0.00034347534286467305,"[-0.004725880321820672, -0.0033794569777911535]",-11.79900896525966,3.9493515044659476e-32,,,,,
B3,B3_nophys_s44,null_climatological_frequency,0.903668966325184,0.908355983224128,-0.004687016898944019,0.00035669625930647087,"[-0.005386141567184702, -0.003987892230703336]",-13.140078642980574,1.9402499164525955e-39,,,,,
B3,B3_diff_s42,null_climatological_frequency,0.8854173707622436,0.908355983224128,-0.022938612461884444,0.0005964302393567287,"[-0.024107615731023633, -0.021769609192745256]",-38.459841483933744,0.0,,,,,
B3,B3_diff_s43,null_climatological_frequency,0.891989736932197,0.908355983224128,-0.016366246291931064,0.0005200168769865226,"[-0.017385479370824648, -0.01534701321303748]",-31.472529097080116,2.0647472781170846e-217,,,,,
B3,B3_diff_s44,null_climatological_frequency,0.879161716048418,0.908355983224128,-0.029194267175710054,0.0006594504912419804,"[-0.030486790138544335, -0.02790174421287577]",-44.270597358608136,0.0,,,,,
B3,B3_diffadv_s42,null_climatological_frequency,0.8946137717790393,0.908355983224128,-0.013742211445088692,0.00046987747874782616,"[-0.014663171303434431, -0.012821251586742953]",-29.246371802518038,4.993579990220086e-188,,,,,
B3,B3_diffadv_s43,null_climatological_frequency,0.8948200342275061,0.908355983224128,-0.013535948996621916,0.00046824161817376906,"[-0.014453702568242504, -0.012618195425001328]",-28.908043350385384,9.459955062318664e-184,,,,,
B3,B3_diffadv_s44,null_climatological_frequency,0.8929415890987705,0.908355983224128,-0.0154143941253575,0.0004845939603197321,"[-0.016364198287584175, -0.014464589963130825]",-31.80888617593826,4.8780610864945315e-222,,,,,
B3,B3_full_s42,null_climatological_frequency,0.8952036319473489,0.908355983224128,-0.013152351276779162,0.00046016747161865384,"[-0.014054279521151724, -0.0122504230324066]",-28.581662303324798,1.1356947173987465e-179,,,,,
B3,B3_full_s43,null_climatological_frequency,0.8952581081824844,0.908355983224128,-0.013097875041643614,0.0004631341375160171,"[-0.014005617951175008, -0.01219013213211222]",-28.28095357404017,5.92738132227946e-176,,,,,
B3,B3_full_s44,null_climatological_frequency,0.8898373466601512,0.908355983224128,-0.018518636563976787,0.0005237772100746987,"[-0.019545239895723196, -0.017492033232230378]",-35.35594181605523,8.125021992118971e-274,,,,,
B3,B3orig_nophys_s42,null_climatological_frequency,0.9051291179819642,0.908355983224128,-0.0032268652421638677,0.00033712778505805643,"[-0.0038876357008776584, -0.002566094783450077]",-9.57163836735727,1.0522477074984417e-21,,,,,
B3,B3orig_nophys_s43,null_climatological_frequency,0.9047277945300106,0.908355983224128,-0.003628188694117407,0.00033940639296466964,"[-0.004293425224328159, -0.0029629521639066543]",-10.689806583858548,1.1360764855618892e-26,,,,,
B3,B3orig_nophys_s44,null_climatological_frequency,0.9035631536712847,0.908355983224128,-0.004792829552843325,0.0003566848725043802,"[-0.0054919319029519105, -0.00409372720273474]",-13.437153976258044,3.6625391702049666e-41,,,,,
B3,B3orig_full_s42,null_climatological_frequency,0.8968202251980062,0.908355983224128,-0.011535758026121834,0.00044609072726624447,"[-0.012410095851563673, -0.010661420200679995]",-25.859667823215794,1.8942689519567648e-147,,,,,
B3,B3orig_full_s43,null_climatological_frequency,0.8962478680832141,0.908355983224128,-0.012108115140913922,0.0004479307451652724,"[-0.012986059401437856, -0.011230170880389988]",-27.031221392151608,6.350840547530679e-161,,,,,
B3,B3orig_full_s44,null_climatological_frequency,0.8891171912155551,0.908355983224128,-0.019238792008572925,0.0005264481398830889,"[-0.020270630362743777, -0.018206953654402072]",-36.544515121366715,2.17925827495412e-292,,,,,
B3,B3_nophys_s42,null_seasonal_frequency,0.9050933777416321,0.9298903329251147,-0.024796955183482572,0.0010560436667590724,"[-0.026866800770330355, -0.02272710959663479]",-23.480994170991785,6.379243220660534e-122,,,,,
B3,B3_nophys_s43,null_seasonal_frequency,0.9043033145743221,0.9298903329251147,-0.02558701835079258,0.0010582895102273686,"[-0.027661265790838222, -0.023512770910746935]",-24.17771139515058,3.817847834430986e-129,,,,,
B3,B3_nophys_s44,null_seasonal_frequency,0.903668966325184,0.9298903329251147,-0.026221366599930684,0.0010652987872474854,"[-0.028309352222935756, -0.024133380976925613]",-24.614095983044667,8.924385588438069e-134,,,,,
B3,B3_diff_s42,null_seasonal_frequency,0.8854173707622436,0.9298903329251147,-0.04447296216287111,0.0011624563343142862,"[-0.04675137657812711, -0.04219454774761511]",-38.25774857092157,0.0,,,,,
B3,B3_diff_s43,null_seasonal_frequency,0.891989736932197,0.9298903329251147,-0.03790059599291773,0.0011295591380364408,"[-0.040114531903469156, -0.0356866600823663]",-33.55344108746878,8.02046596510874e-247,,,,,
B3,B3_diff_s44,null_seasonal_frequency,0.879161716048418,0.9298903329251147,-0.05072861687669672,0.0011958142222693628,"[-0.05307241275234467, -0.04838482100104877]",-42.4218209919148,0.0,,,,,
B3,B3_diffadv_s42,null_seasonal_frequency,0.8946137717790393,0.9298903329251147,-0.03527656114607536,0.0011017528673641307,"[-0.03743599676610906, -0.03311712552604166]",-32.018578930928626,6.012657345504415e-225,,,,,
B3,B3_diffadv_s43,null_seasonal_frequency,0.8948200342275061,0.9298903329251147,-0.03507029869760858,0.0010994590552798934,"[-0.037225238445957175, -0.03291535894925999]",-31.897776028303852,2.8665519324248287e-223,,,,,
B3,B3_diffadv_s44,null_seasonal_frequency,0.8929415890987705,0.9298903329251147,-0.036948743826344166,0.001111917894787855,"[-0.03912810290012836, -0.03476938475255997]",-33.2297411522401,4.005241017351226e-242,,,,,
B3,B3_full_s42,null_seasonal_frequency,0.8952036319473489,0.9298903329251147,-0.03468670097776583,0.0010992281018478503,"[-0.03684118805738761, -0.03253221389814404]",-31.555507832683656,1.5067751777549585e-218,,,,,
B3,B3_full_s43,null_seasonal_frequency,0.8952581081824844,0.9298903329251147,-0.03463222474263028,0.0010970300661886931,"[-0.03678240367236012, -0.03248204581290044]",-31.569075278811376,9.814963628925857e-219,,,,,
B3,B3_full_s44,null_seasonal_frequency,0.8898373466601512,0.9298903329251147,-0.04005298626496345,0.001126213592120235,"[-0.04226036490551911, -0.03784560762440779]",-35.564289531933994,4.996828190428391e-277,,,,,
B3,B3orig_nophys_s42,null_seasonal_frequency,0.9051291179819642,0.9298903329251147,-0.024761214943150534,0.0010539370614111435,"[-0.026826931583516376, -0.02269549830278469]",-23.494016720502366,4.695618390658325e-122,,,,,
B3,B3orig_nophys_s43,null_seasonal_frequency,0.9047277945300106,0.9298903329251147,-0.025162538395104073,0.0010577686048702428,"[-0.02723576486064975, -0.023089311929558397]",-23.78832031811984,4.4118732359893276e-125,,,,,
B3,B3orig_nophys_s44,null_seasonal_frequency,0.9035631536712847,0.9298903329251147,-0.02632717925382999,0.001062102864651712,"[-0.028408900868547346, -0.024245457639112636]",-24.78778669188815,1.214144431116537e-135,,,,,
B3,B3orig_full_s42,null_seasonal_frequency,0.8968202251980062,0.9298903329251147,-0.0330701077271085,0.0010961169397768053,"[-0.03521849692907104, -0.030921718525145962]",-30.170236885347595,5.822203951961438e-200,,,,,
B3,B3orig_full_s43,null_seasonal_frequency,0.8962478680832141,0.9298903329251147,-0.03364246484190059,0.0010951674181059418,"[-0.03578899298138823, -0.03149593670241294]",-30.719015454353265,3.172211195685104e-207,,,,,
B3,B3orig_full_s44,null_seasonal_frequency,0.8891171912155551,0.9298903329251147,-0.04077314170955959,0.0011295921207157642,"[-0.04298714226616249, -0.038559141152956694]",-36.09545513094032,2.67269298561525e-285,,,,,
B3,B3_nophys_s42,RF_monthly_cdr7,0.9050933777416321,0.9024639211119743,0.002629456629657856,0.0004928110874450477,"[0.0016635468982655623, 0.0035953663610501494]",5.335627985340449,9.521443982573171e-08,,,,,
B3,B3_nophys_s43,RF_monthly_cdr7,0.9043033145743221,0.9024639211119743,0.0018393934623478492,0.0004960763829194312,"[0.000867083751825764, 0.002811703172869934]",3.707883555195549,0.00020899871558279257,,,,,
B3,B3_nophys_s44,RF_monthly_cdr7,0.903668966325184,0.9024639211119743,0.0012050452132097433,0.0005120957573240117,"[0.00020133752885468032, 0.0022087528975648064]",2.3531638291767583,0.018614430796897605,,,,,
B3,B3_diff_s42,RF_monthly_cdr7,0.8854173707622436,0.9024639211119743,-0.017046550349730683,0.0006642928087099787,"[-0.01834856425480224, -0.015744536444659125]",-25.661199588829174,3.1707620979550306e-145,,,,,
B3,B3_diff_s43,RF_monthly_cdr7,0.891989736932197,0.9024639211119743,-0.010474184179777302,0.0006087774305045824,"[-0.011667387943566284, -0.00928098041598832]",-17.205276764442175,2.4241581796763116e-66,,,,,
B3,B3_diff_s44,RF_monthly_cdr7,0.879161716048418,0.9024639211119743,-0.02330220506355629,0.0007165391765279611,"[-0.024706621849551094, -0.02189778827756149]",-32.52048991440873,5.4739715193344585e-232,,,,,
B3,B3_diffadv_s42,RF_monthly_cdr7,0.8946137717790393,0.9024639211119743,-0.00785014933293493,0.000573913363206223,"[-0.008975019524819128, -0.006725279141050733]",-13.678282884160955,1.3688713629719821e-42,,,,,
B3,B3_diffadv_s43,RF_monthly_cdr7,0.8948200342275061,0.9024639211119743,-0.007643886884468154,0.0005715162147442691,"[-0.008764058665366921, -0.006523715103569387]",-13.374750684700155,8.493801875380583e-41,,,,,
B3,B3_diffadv_s44,RF_monthly_cdr7,0.8929415890987705,0.9024639211119743,-0.009522332013203738,0.0005838675255405014,"[-0.010666712363263121, -0.008377951663144355]",-16.309062581257052,8.508853779377893e-60,,,,,
B3,B3_full_s42,RF_monthly_cdr7,0.8952036319473489,0.9024639211119743,-0.0072602891646254,0.0005640155900062939,"[-0.008365759721037735, -0.0061548186082130635]",-12.872497309062648,6.428936599618233e-38,,,,,
B3,B3_full_s43,RF_monthly_cdr7,0.8952581081824844,0.9024639211119743,-0.007205812929489852,0.0005662057713062771,"[-0.008315576241250155, -0.006096049617729549]",-12.726491488890211,4.213513282971195e-37,,,,,
B3,B3_full_s44,RF_monthly_cdr7,0.8898373466601512,0.9024639211119743,-0.012626574451823025,0.0006128631763087488,"[-0.013827786277388173, -0.011425362626257877]",-20.60259930751982,2.601007447207699e-94,,,,,
B3,B3orig_nophys_s42,RF_monthly_cdr7,0.9051291179819642,0.9024639211119743,0.0026651968699898942,0.000491068505090923,"[0.0017027026000116853, 0.0036276911399681032]",5.427342300228405,5.719936635825335e-08,,,,,
B3,B3orig_nophys_s43,RF_monthly_cdr7,0.9047277945300106,0.9024639211119743,0.002263873418036355,0.0004952917981740957,"[0.0012931014936151276, 0.0032346453424575827]",4.570787213481376,4.8589546972168725e-06,,,,,
B3,B3orig_nophys_s44,RF_monthly_cdr7,0.9035631536712847,0.9024639211119743,0.0010992325593104368,0.0005015446269418093,"[0.0001162050905044907, 0.002082260028116383]",2.191694418127967,0.02840157906249588,,,,,
B3,B3orig_full_s42,RF_monthly_cdr7,0.8968202251980062,0.9024639211119743,-0.005643695913968072,0.00055478089376915,"[-0.006731066465755606, -0.004556325362180538]",-10.172837560473868,2.6215811073446196e-24,,,,,
B3,B3orig_full_s43,RF_monthly_cdr7,0.8962478680832141,0.9024639211119743,-0.00621605302876016,0.0005564836873937426,"[-0.007306761056051896, -0.005125345001468424]",-11.170234042030351,5.703041276756295e-29,,,,,
B3,B3orig_full_s44,RF_monthly_cdr7,0.8891171912155551,0.9024639211119743,-0.013346729896419163,0.0006134244812067978,"[-0.014549041879584487, -0.012144417913253838]",-21.757739225147926,5.8355262786787765e-105,,,,,
B3,B3_nophys_s42,RF_monthly_cdr7_month,0.9050933777416321,0.9719702664127854,-0.06687688867115327,0.0005856291739373562,"[-0.06802472185207048, -0.06572905549023605]",-114.1966480623231,0.0,,,,,
B3,B3_nophys_s43,RF_monthly_cdr7_month,0.9043033145743221,0.9719702664127854,-0.06766695183846327,0.0005877196378542908,"[-0.06881888232865768, -0.06651502134826887]",-115.13474704624294,0.0,,,,,
B3,B3_nophys_s44,RF_monthly_cdr7_month,0.903668966325184,0.9719702664127854,-0.06830130008760138,0.0005956475728264825,"[-0.06946876933034128, -0.06713383084486148]",-114.6673019475195,0.0,,,,,
B3,B3_diff_s42,RF_monthly_cdr7_month,0.8854173707622436,0.9719702664127854,-0.0865528956505418,0.0007619206954173912,"[-0.0880462602135599, -0.08505953108752372]",-113.59829989015704,0.0,,,,,
B3,B3_diff_s43,RF_monthly_cdr7_month,0.891989736932197,0.9719702664127854,-0.07998052948058842,0.0007116268593610354,"[-0.08137531812493605, -0.0785857408362408]",-112.39110557519199,0.0,,,,,
B3,B3_diff_s44,RF_monthly_cdr7_month,0.879161716048418,0.9719702664127854,-0.09280855036436741,0.0008022422476852627,"[-0.09438094516983053, -0.0912361555589043]",-115.68644088758867,0.0,,,,,
B3,B3_diffadv_s42,RF_monthly_cdr7_month,0.8946137717790393,0.9719702664127854,-0.07735649463374605,0.0006608976773023353,"[-0.07865185408125863, -0.07606113518623348]",-117.04761159019542,0.0,,,,,
B3,B3_diffadv_s43,RF_monthly_cdr7_month,0.8948200342275061,0.9719702664127854,-0.07715023218527928,0.0006578182290995747,"[-0.07843955591431444, -0.07586090845624412]",-117.28199185188734,0.0,,,,,
B3,B3_diffadv_s44,RF_monthly_cdr7_month,0.8929415890987705,0.9719702664127854,-0.07902867731401486,0.0006704579800407749,"[-0.08034277495489478, -0.07771457967313494]",-117.8726775825811,0.0,,,,,
B3,B3_full_s42,RF_monthly_cdr7_month,0.8952036319473489,0.9719702664127854,-0.07676663446543652,0.0006552237093535895,"[-0.07805087293576955, -0.0754823959951035]",-117.16095338059516,0.0,,,,,
B3,B3_full_s43,RF_monthly_cdr7_month,0.8952581081824844,0.9719702664127854,-0.07671215823030098,0.0006496015023620618,"[-0.07798537717493062, -0.07543893928567133]",-118.0911034709164,0.0,,,,,
B3,B3_full_s44,RF_monthly_cdr7_month,0.8898373466601512,0.9719702664127854,-0.08213291975263415,0.0006918066654909599,"[-0.08348886081699643, -0.08077697868827187]",-118.72235965570849,0.0,,,,,
B3,B3orig_nophys_s42,RF_monthly_cdr7_month,0.9051291179819642,0.9719702664127854,-0.06684114843082123,0.0005839760918724367,"[-0.06798574157089121, -0.06569655529075125]",-114.45870706196986,0.0,,,,,
B3,B3orig_nophys_s43,RF_monthly_cdr7_month,0.9047277945300106,0.9719702664127854,-0.06724247188277477,0.0005881064831749375,"[-0.06839516058979765, -0.06608978317575188]",-114.3372396096727,0.0,,,,,
B3,B3orig_nophys_s44,RF_monthly_cdr7_month,0.9035631536712847,0.9719702664127854,-0.06840711274150069,0.0005947922995689104,"[-0.06957290564865574, -0.06724131983434563]",-115.01008468179622,0.0,,,,,
B3,B3orig_full_s42,RF_monthly_cdr7_month,0.8968202251980062,0.9719702664127854,-0.0751500412147792,0.00064735639633521,"[-0.07641885975159621, -0.07388122267796218]",-116.08758581859362,0.0,,,,,
B3,B3orig_full_s43,RF_monthly_cdr7_month,0.8962478680832141,0.9719702664127854,-0.07572239832957128,0.0006467436200132503,"[-0.07699001582479725, -0.07445478083434531]",-117.0825594352518,0.0,,,,,
B3,B3orig_full_s44,RF_monthly_cdr7_month,0.8891171912155551,0.9719702664127854,-0.08285307519723029,0.0006989184851843661,"[-0.08422295542819164, -0.08148319496626893]",-118.5446900511934,0.0,,,,,
