tag,config,seed,test_auc,test_ap,val_auc,val_ap,best_epoch,epochs_run,train_time_sec,peak_gpu_mem_mb,pos_weight,n_test,test_prevalence,c_adv,w_ndvi_anom,checkpoint,checkpoint_sha256,fold,n_test_blocks,region,centroid,test_years,val_years,track
A_nophys_s42,nophys,42,0.9447639222736994,0.9290896001016082,0.9428044716977149,0.9212089628046689,40,60,103.51467204093933,2680.2176,42.88960573406379,4508,0.42058563232421875,0.6931471824645996,0.6931471824645996,D:\FOREST FIRE MAPPING(INDIA)\results\cdr_pino\unified\ckpt_A_nophys_s42.pt,87db18a70181ba917623076cf627befa783b6567052c7a9dd69fdac5f7ceb2c8,,,,,,,A
A_nophys_s43,nophys,43,0.9468782711729699,0.9342008117356139,0.943530110649475,0.9210846512254758,40,60,97.19235253334045,2680.152064,42.88960573406379,4508,0.42058563232421875,0.6931471824645996,0.6931471824645996,D:\FOREST FIRE MAPPING(INDIA)\results\cdr_pino\unified\ckpt_A_nophys_s43.pt,0c8177c5cbe4df972c06fe277dba6578dd8c5028bd96737322730d4c1199d078,,,,,,,A
A_nophys_s44,nophys,44,0.9433378322057883,0.929677667758892,0.9396527561904082,0.9153825292132626,35,55,85.30237555503845,2680.152064,42.88960573406379,4508,0.42058563232421875,0.6931471824645996,0.6931471824645996,D:\FOREST FIRE MAPPING(INDIA)\results\cdr_pino\unified\ckpt_A_nophys_s44.pt,cc7e37a93c42aced14d143bc11de86af8ddd77b753933bcf1938e7e13e74a06f,,,,,,,A
A_diff_s42,diff,42,0.9263695310834125,0.9120553008196906,0.9161846060437517,0.8846110324837237,5,25,134.00547695159912,3006.402048,42.88960573406379,4508,0.42058563232421875,0.6931471824645996,0.6955433487892151,D:\FOREST FIRE MAPPING(INDIA)\results\cdr_pino\unified\ckpt_A_diff_s42.pt,3e368f8ba1e1e75e5ea7ebf47df5c9029d5759910fbf93d7b85124057046719f,,,,,,,A
A_diff_s43,diff,43,0.9273204933736534,0.9146887539392047,0.9165335024246205,0.8911014570880071,5,25,190.81641793251038,3006.402048,42.88960573406379,4508,0.42058563232421875,0.6931471824645996,0.697237491607666,D:\FOREST FIRE MAPPING(INDIA)\results\cdr_pino\unified\ckpt_A_diff_s43.pt,53c0a13a17d0a2ee51a39dacd38f3fdbc6ab533297c75bc012384e2a7215bad5,,,,,,,A
A_diff_s44,diff,44,0.9189819302020535,0.9056642692282312,0.9105014352617942,0.880397452346834,5,25,134.80929589271545,3006.402048,42.88960573406379,4508,0.42058563232421875,0.6931471824645996,0.6976955533027649,D:\FOREST FIRE MAPPING(INDIA)\results\cdr_pino\unified\ckpt_A_diff_s44.pt,25238ac9a49b99f55553a0994cc84c6c2e7102b10338f857b90376c58d5c8dbc,,,,,,,A
A_diffadv_s42,diffadv,42,0.9387997864449055,0.9197965844057779,0.9300867709121248,0.9037261525936869,30,50,261.26002168655396,3068.671488,42.88960573406379,4508,0.42058563232421875,0.568650484085083,0.6891034841537476,D:\FOREST FIRE MAPPING(INDIA)\results\cdr_pino\unified\ckpt_A_diffadv_s42.pt,c7116def62f26b2d43d8d54f11b663f41fd424cff9918e862358d197f34b3944,,,,,,,A
A_diffadv_s43,diffadv,43,0.9409247363676895,0.9243532185157535,0.9346491780459911,0.9071924205057228,40,60,442.398149728775,3068.671488,42.88960573406379,4508,0.42058563232421875,0.5273774862289429,0.657301127910614,D:\FOREST FIRE MAPPING(INDIA)\results\cdr_pino\unified\ckpt_A_diffadv_s43.pt,12ff0c5f6ff2d8c5069d249e5ee565010796635ecccf01afc89c50bfcf6cc0a5,,,,,,,A
A_diffadv_s44,diffadv,44,0.9386237084924495,0.92047495590526,0.9327068607916181,0.9066806670426165,55,75,537.6714770793915,3068.671488,42.88960573406379,4508,0.42058563232421875,0.4887908697128296,0.6670421957969666,D:\FOREST FIRE MAPPING(INDIA)\results\cdr_pino\unified\ckpt_A_diffadv_s44.pt,9e8868c14f51d0c672f9996d9b5c5a9250f88ed4c5b8098e8c16d5bbb2ae24b3,,,,,,,A
A_full_s42,full,42,0.9398620090009758,0.9232822513258702,0.9342731634800676,0.9087354689816272,30,50,185.6096270084381,3315.887616,42.88960573406379,4508,0.42058563232421875,0.5707522630691528,0.6662616729736328,D:\FOREST FIRE MAPPING(INDIA)\results\cdr_pino\unified\ckpt_A_full_s42.pt,9cba47d185ee25ae3d290ee98d62ee7cd73be4227eed4e97aa106bb6b15bb781,,,,,,,A
A_full_s43,full,43,0.9394822904349286,0.9196738667484374,0.9339382811948311,0.9082424575639175,35,55,200.00955605506897,3315.887616,42.88960573406379,4508,0.42058563232421875,0.5418701171875,0.6752883195877075,D:\FOREST FIRE MAPPING(INDIA)\results\cdr_pino\unified\ckpt_A_full_s43.pt,42715422fbb9b23d9051fd4633be9791f87d4a31bfc7ee54bcadff16f2cbf37e,,,,,,,A
A_full_s44,full,44,0.9369366313218446,0.9182036660458225,0.9279566283760322,0.8985301280937733,55,75,281.5492765903473,3315.887616,42.88960573406379,4508,0.42058563232421875,0.5180869102478027,0.6522495150566101,D:\FOREST FIRE MAPPING(INDIA)\results\cdr_pino\unified\ckpt_A_full_s44.pt,3c6d3e43dc4864527b068cc3e5ce375145d681109deffce22f1c49b9292d394e,,,,,,,A
B1_f0_nophys_s42,nophys,42,0.7258430816879411,0.676587970647903,0.6812418246812249,0.5571597314215021,20,40,63.84309411048889,2680.82432,40.53464412188344,7196,0.4031406342983246,0.6931471824645996,0.6931471824645996,D:\FOREST FIRE MAPPING(INDIA)\results\cdr_pino\unified\ckpt_B1_f0_nophys_s42.pt,1cdeb5cfd5b13121e06eda5539c296c61764f0579fed747e0f8771fdc039c0d5,0.0,41.0,,,,,B1
B1_f1_nophys_s42,nophys,42,0.7186188802230125,0.558299708265886,0.7544614642032352,0.6376921532549538,5,25,38.6850962638855,2680.598528,37.16545596684082,7857,0.33053329586982727,0.6931471824645996,0.6931471824645996,D:\FOREST FIRE MAPPING(INDIA)\results\cdr_pino\unified\ckpt_B1_f1_nophys_s42.pt,12cb4b93a79cb1f4391f43899f2691e71aeccf9771f61eef6f938f3c38bce1b4,1.0,41.0,,,,,B1
B1_f2_nophys_s42,nophys,42,0.7373280351586677,0.7085419190346358,0.6169254185692542,0.23534593499896062,80,80,124.664541721344,2680.82432,40.4504851799345,7489,0.4891173839569092,0.6931471824645996,0.6931471824645996,D:\FOREST FIRE MAPPING(INDIA)\results\cdr_pino\unified\ckpt_B1_f2_nophys_s42.pt,12fffd9d06713e9323f31f01e2a902134b49bfa12b49a8333cda9d50c3d4cb66,2.0,41.0,,,,,B1
B1_f0_nophys_s43,nophys,43,0.7242279668325201,0.6804829277935869,0.6959723761595222,0.5611764259761476,10,30,46.120959997177124,2680.82432,40.53464412188344,7196,0.4031406342983246,0.6931471824645996,0.6931471824645996,D:\FOREST FIRE MAPPING(INDIA)\results\cdr_pino\unified\ckpt_B1_f0_nophys_s43.pt,66bcc39dcd593a1f94b89b261f736de8c0a3004890b640d3c7e159a49f6eb341,0.0,41.0,,,,,B1
B1_f1_nophys_s43,nophys,43,0.7296638341110172,0.5718931064729031,0.7701262796020637,0.6653721119766971,5,25,37.14377784729004,2680.598528,37.16545596684082,7857,0.33053329586982727,0.6931471824645996,0.6931471824645996,D:\FOREST FIRE MAPPING(INDIA)\results\cdr_pino\unified\ckpt_B1_f1_nophys_s43.pt,e85b0b72ef3237b605d7b136ce2a6cec2d54c7b26cca04fd4b530b3eb58de67e,1.0,41.0,,,,,B1
B1_f2_nophys_s43,nophys,43,0.7403983963053488,0.7190626520320399,0.6683149416539828,0.25744381672711025,80,80,139.26245284080505,2680.82432,40.4504851799345,7489,0.4891173839569092,0.6931471824645996,0.6931471824645996,D:\FOREST FIRE MAPPING(INDIA)\results\cdr_pino\unified\ckpt_B1_f2_nophys_s43.pt,981730e6defa98c06aa65e9698f27e48f5653f97dec6283d35e14c9e72866a1f,2.0,41.0,,,,,B1
B1_f0_nophys_s44,nophys,44,0.7107810762536624,0.6340577548585862,0.670108101428871,0.5124117600845399,15,35,56.227365493774414,2680.82432,40.53464412188344,7196,0.4031406342983246,0.6931471824645996,0.6931471824645996,D:\FOREST FIRE MAPPING(INDIA)\results\cdr_pino\unified\ckpt_B1_f0_nophys_s44.pt,ec416446a8ee9eb79466c4b54a46300d12adedd8efee5c98866e3d569ab65413,0.0,41.0,,,,,B1
B1_f1_nophys_s44,nophys,44,0.7267130031580751,0.5704050200615406,0.7616520115688906,0.6770662982489766,5,25,40.85358262062073,2680.598528,37.16545596684082,7857,0.33053329586982727,0.6931471824645996,0.6931471824645996,D:\FOREST FIRE MAPPING(INDIA)\results\cdr_pino\unified\ckpt_B1_f1_nophys_s44.pt,1b71e0aaf6a560ab396c99c827ced0c8e32a886876e28071742f24e3f1517de7,1.0,41.0,,,,,B1
B1_f2_nophys_s44,nophys,44,0.6982794703651997,0.6631228475266507,0.5600665905631659,0.2078635985407484,80,80,156.71739530563354,2680.82432,40.4504851799345,7489,0.4891173839569092,0.6931471824645996,0.6931471824645996,D:\FOREST FIRE MAPPING(INDIA)\results\cdr_pino\unified\ckpt_B1_f2_nophys_s44.pt,cb344a202b9261b9685575589e3b1f8b8576d58220d900422a207a079558bcdc,2.0,41.0,,,,,B1
B1_f0_diff_s42,diff,42,0.7346086352143033,0.6990840956989133,0.677688057294631,0.5640451682358827,5,25,109.43243432044983,3006.025728,40.53464412188344,7196,0.4031406342983246,0.6931471824645996,0.6958402395248413,D:\FOREST FIRE MAPPING(INDIA)\results\cdr_pino\unified\ckpt_B1_f0_diff_s42.pt,756b65dd0af6eadb316562dc2c1e408ad0d2903bf5c4b108b7f250a809933b81,0.0,41.0,,,,,B1
B1_f1_diff_s42,diff,42,0.6569256937296765,0.525615288843903,0.7115539567052367,0.6120408293468265,5,25,105.34911441802979,3005.799936,37.16545596684082,7857,0.33053329586982727,0.6931471824645996,0.6950712203979492,D:\FOREST FIRE MAPPING(INDIA)\results\cdr_pino\unified\ckpt_B1_f1_diff_s42.pt,6afd50b7e0ae1b14c5b4e43a1e51b128c2675dc3e445f01a7c3489a79c881baf,1.0,41.0,,,,,B1
B1_f2_diff_s42,diff,42,0.5704122717975306,0.5777206201082112,0.6586707255200406,0.2955612076681433,35,55,260.0204758644104,3006.025728,40.4504851799345,7489,0.4891173839569092,0.6931471824645996,0.6959165334701538,D:\FOREST FIRE MAPPING(INDIA)\results\cdr_pino\unified\ckpt_B1_f2_diff_s42.pt,587926fe5f862551d8e54e380603cccc3b826032bb93c8917beee8f789a16db0,2.0,41.0,,,,,B1
B1_f0_diff_s43,diff,43,0.6716134976538539,0.6145480838574428,0.6358581962875316,0.5508577305357514,5,25,108.68213725090027,3006.025728,40.53464412188344,7196,0.4031406342983246,0.6931471824645996,0.6973242163658142,D:\FOREST FIRE MAPPING(INDIA)\results\cdr_pino\unified\ckpt_B1_f0_diff_s43.pt,5bd2ee596fafa04189a865d68120a903a3711b70777fff5b8911e43187590fa7,0.0,41.0,,,,,B1
B1_f1_diff_s43,diff,43,0.6835720800982708,0.5517865093898994,0.732212873407598,0.6500251454764403,5,25,102.85485410690308,3005.799936,37.16545596684082,7857,0.33053329586982727,0.6931471824645996,0.6965224742889404,D:\FOREST FIRE MAPPING(INDIA)\results\cdr_pino\unified\ckpt_B1_f1_diff_s43.pt,e8fe986496f5d5be477bd369b06d447464c24934a19cc929d14883eb91b57678,1.0,41.0,,,,,B1
B1_f2_diff_s43,diff,43,0.5757936808642506,0.5900509864354033,0.6552289446981229,0.28857951451355685,20,40,166.77906441688538,3006.025728,40.4504851799345,7489,0.4891173839569092,0.6931471824645996,0.6975399255752563,D:\FOREST FIRE MAPPING(INDIA)\results\cdr_pino\unified\ckpt_B1_f2_diff_s43.pt,7b4ea112d0bae83d892d05b333955a7beb23136bcb8ed325e6a8efb7e2397ed3,2.0,41.0,,,,,B1
B1_f0_diff_s44,diff,44,0.6839930753274834,0.630508169189259,0.6598240496659976,0.5710160567630942,5,25,110.71431398391724,3006.025728,40.53464412188344,7196,0.4031406342983246,0.6931471824645996,0.6970685124397278,D:\FOREST FIRE MAPPING(INDIA)\results\cdr_pino\unified\ckpt_B1_f0_diff_s44.pt,b616ab32d5935e979cd9e25d0059bb49a1ae3b7744846caa14c9688eb1bd5bdf,0.0,41.0,,,,,B1
B1_f1_diff_s44,diff,44,0.6505564698079533,0.5103788438186658,0.7366064073921772,0.6672904396310494,5,25,106.7128643989563,3005.799936,37.16545596684082,7857,0.33053329586982727,0.6931471824645996,0.6974913477897644,D:\FOREST FIRE MAPPING(INDIA)\results\cdr_pino\unified\ckpt_B1_f1_diff_s44.pt,8d8572dbe1e87a10ccbfcb97a90506c0c30ed98b21bff04f5f2df39929ef0b37,1.0,41.0,,,,,B1
B1_f2_diff_s44,diff,44,0.5515615886760685,0.5585692783895035,0.5928735413495688,0.24209715705987148,10,30,122.5685703754425,3006.025728,40.4504851799345,7489,0.4891173839569092,0.6931471824645996,0.6988810896873474,D:\FOREST FIRE MAPPING(INDIA)\results\cdr_pino\unified\ckpt_B1_f2_diff_s44.pt,6c3d36ab4fbe0d229a86cf14705dcaede7e7e3a7caccdcf936223af66526d2b0,2.0,41.0,,,,,B1
B1_f0_diffadv_s42,diffadv,42,0.7303179947984698,0.6397886060461975,0.645187108708025,0.4595108779811078,65,80,357.3294723033905,3068.295168,40.53464412188344,7196,0.4031406342983246,0.5461283922195435,0.6977869272232056,D:\FOREST FIRE MAPPING(INDIA)\results\cdr_pino\unified\ckpt_B1_f0_diffadv_s42.pt,7c722534a3d1fc6ee0dbd0b003b1408ff6dde7e0d048a3c17abbd1795574fab0,0.0,41.0,,,,,B1
B1_f1_diffadv_s42,diffadv,42,0.7275818032213245,0.572424731576225,0.7528527482533911,0.6610941407370243,20,40,180.35010814666748,3068.069376,37.16545596684082,7857,0.33053329586982727,0.6178569793701172,0.6968291401863098,D:\FOREST FIRE MAPPING(INDIA)\results\cdr_pino\unified\ckpt_B1_f1_diffadv_s42.pt,5c3acd5e779ec2951b87c00706a85c213cc95603705ca051971f422535f2dd56,1.0,41.0,,,,,B1
B1_f2_diffadv_s42,diffadv,42,0.726910284803646,0.6945277992760185,0.5371093353627601,0.2020539751827985,70,80,355.94062781333923,3068.295168,40.4504851799345,7489,0.4891173839569092,0.5033133625984192,0.6768202781677246,D:\FOREST FIRE MAPPING(INDIA)\results\cdr_pino\unified\ckpt_B1_f2_diffadv_s42.pt,bcedd61939ee2416fb21abec73cabaf6217a04b78a9a5a8620d4f2743da7b12f,2.0,41.0,,,,,B1
B1_f0_diffadv_s43,diffadv,43,0.749396679479879,0.6646456640384396,0.7119498197685449,0.5574340671689052,60,80,332.43876695632935,3068.295168,40.53464412188344,7196,0.4031406342983246,0.43328437209129333,0.6974036693572998,D:\FOREST FIRE MAPPING(INDIA)\results\cdr_pino\unified\ckpt_B1_f0_diffadv_s43.pt,647ae625473f8d93e42e17e91c48cf3abcd5cfab5b76d5d27b4d71a1464a9377,0.0,41.0,,,,,B1
B1_f1_diffadv_s43,diffadv,43,0.7534839116793141,0.6399951751826732,0.7692509960602613,0.6757132727948731,70,80,315.33221983909607,3068.069376,37.16545596684082,7857,0.33053329586982727,0.3880299925804138,0.6018827557563782,D:\FOREST FIRE MAPPING(INDIA)\results\cdr_pino\unified\ckpt_B1_f1_diffadv_s43.pt,49a7220140499b35dffa775b29a46c8ae73bd4206d664f34b45fe22d5ef4fd03,1.0,41.0,,,,,B1
B1_f2_diffadv_s43,diffadv,43,0.6777430854796249,0.6213504627322873,0.5948985286656521,0.23543456656380535,80,80,317.89141058921814,3068.295168,40.4504851799345,7489,0.4891173839569092,0.3537546992301941,0.6980663537979126,D:\FOREST FIRE MAPPING(INDIA)\results\cdr_pino\unified\ckpt_B1_f2_diffadv_s43.pt,e8a2d7097e58d568cb615caebb52a470f92e31de5c0fb21f237f560c64f4f4e1,2.0,41.0,,,,,B1
B1_f0_diffadv_s44,diffadv,44,0.7649703305712494,0.6684305028724186,0.6791855135847586,0.5506543084495754,55,75,279.8940796852112,3068.295168,40.53464412188344,7196,0.4031406342983246,0.4925175905227661,0.6990057826042175,D:\FOREST FIRE MAPPING(INDIA)\results\cdr_pino\unified\ckpt_B1_f0_diffadv_s44.pt,51e951eba5c718cf0bf46fc0b269036de12c4c094f5949f858257341bd144c1b,0.0,41.0,,,,,B1
B1_f1_diffadv_s44,diffadv,44,0.7224199537049916,0.5679400966192784,0.7675305964123431,0.6639201502389285,15,35,143.0104374885559,3068.069376,37.16545596684082,7857,0.33053329586982727,0.6285443902015686,0.6977350115776062,D:\FOREST FIRE MAPPING(INDIA)\results\cdr_pino\unified\ckpt_B1_f1_diffadv_s44.pt,1c9ab530c54d105ca65f062e965b003824c6cdda35192a202379b00a51b9aeae,1.0,41.0,,,,,B1
B1_f2_diffadv_s44,diffadv,44,0.715716881163823,0.6648216843620913,0.526005834601725,0.22130229350708824,40,60,246.38869071006775,3068.295168,40.4504851799345,7489,0.4891173839569092,0.5506511330604553,0.6828679442405701,D:\FOREST FIRE MAPPING(INDIA)\results\cdr_pino\unified\ckpt_B1_f2_diffadv_s44.pt,1e85ecfe6a214e45794ff96218e680a4db0f565df90ee65396fa0b76ef8100ef,2.0,41.0,,,,,B1
B1_f0_full_s42,full,42,0.7013872218603918,0.5952659762192738,0.6594836194070833,0.4825432450157783,70,80,317.7688698768616,3315.511296,40.53464412188344,7196,0.4031406342983246,0.47983819246292114,0.6932420134544373,D:\FOREST FIRE MAPPING(INDIA)\results\cdr_pino\unified\ckpt_B1_f0_full_s42.pt,8a69eaa935160daa17aba9eeadb8c8739b7a2e65881ad9174fa76b89de551eeb,0.0,41.0,,,,,B1
B1_f1_full_s42,full,42,0.7237345738209194,0.5670811054920237,0.7494055303542171,0.6522519821735511,35,55,212.9419355392456,3315.285504,37.16545596684082,7857,0.33053329586982727,0.5856037735939026,0.6971450448036194,D:\FOREST FIRE MAPPING(INDIA)\results\cdr_pino\unified\ckpt_B1_f1_full_s42.pt,cc9aa0447294ccf459e7101948b5c94e6c5b7310cab7145cd8868a4734f562e5,1.0,41.0,,,,,B1
B1_f2_full_s42,full,42,0.7132347977878557,0.6784164350644961,0.4746689497716895,0.1867664706115747,50,70,277.796443939209,3315.511296,40.4504851799345,7489,0.4891173839569092,0.5465943813323975,0.6724146604537964,D:\FOREST FIRE MAPPING(INDIA)\results\cdr_pino\unified\ckpt_B1_f2_full_s42.pt,e76a6056b5d460f19d0c085fa20080de993009cee04af24a4e00fbcb38c2923e,2.0,41.0,,,,,B1
B1_f0_full_s43,full,43,0.7372034210835732,0.6713525630327223,0.6977790592017893,0.5945622456857489,50,70,277.9146122932434,3315.511296,40.53464412188344,7196,0.4031406342983246,0.5016539692878723,0.6771727800369263,D:\FOREST FIRE MAPPING(INDIA)\results\cdr_pino\unified\ckpt_B1_f0_full_s43.pt,39a7cce130193a8950b4d9b5d17520412fa0fbb1e2eb862a8308ec513afeee0a,0.0,41.0,,,,,B1
B1_f1_full_s43,full,43,0.7202455743758154,0.559584298812299,0.7551418361570195,0.6598335878588897,10,30,117.9186441898346,3315.285504,37.16545596684082,7857,0.33053329586982727,0.6496729850769043,0.6942871809005737,D:\FOREST FIRE MAPPING(INDIA)\results\cdr_pino\unified\ckpt_B1_f1_full_s43.pt,16eeb80e629e28c75d1820f2fa05aaa95d7a8fdabe8de1e5d956068499680bf8,1.0,41.0,,,,,B1
B1_f2_full_s43,full,43,0.6908492392026109,0.6386103686532189,0.4938489345509894,0.1771020108637299,20,40,161.21044325828552,3315.511296,40.4504851799345,7489,0.4891173839569092,0.6051098108291626,0.6765758991241455,D:\FOREST FIRE MAPPING(INDIA)\results\cdr_pino\unified\ckpt_B1_f2_full_s43.pt,0229b6dc7e5c66a43e3e7e447c5cd3662e65876c6e42c812034642b1ceeab9ca,2.0,41.0,,,,,B1
B1_f0_full_s44,full,44,0.7295571877386425,0.6319250785779005,0.6918266782494085,0.5390886190226459,35,55,218.3038625717163,3315.511296,40.53464412188344,7196,0.4031406342983246,0.545648455619812,0.688713014125824,D:\FOREST FIRE MAPPING(INDIA)\results\cdr_pino\unified\ckpt_B1_f0_full_s44.pt,fb81618af577f2ed39e7263a78fb49a640cdb0d0db9a67343b88b3e945062234,0.0,41.0,,,,,B1
B1_f1_full_s44,full,44,0.7367348402880773,0.5929225432914426,0.785071355613304,0.7172345254733445,40,60,229.96878623962402,3315.285504,37.16545596684082,7857,0.33053329586982727,0.5474231243133545,0.6937094926834106,D:\FOREST FIRE MAPPING(INDIA)\results\cdr_pino\unified\ckpt_B1_f1_full_s44.pt,cf582b75b79cd9dd153e72edaff63ad8a6d9ae3c9db3c3c7bec97f611bc7b047,1.0,41.0,,,,,B1
B1_f2_full_s44,full,44,0.7132851023337171,0.63734561375921,0.5114732369355657,0.2062091924986712,45,65,250.52952408790588,3315.511296,40.4504851799345,7489,0.4891173839569092,0.5383641719818115,0.6563189625740051,D:\FOREST FIRE MAPPING(INDIA)\results\cdr_pino\unified\ckpt_B1_f2_full_s44.pt,5419a997ab3feb332b307cfce564e6eb86f78f29eebd21f3937929710d76af0c,2.0,41.0,,,,,B1
B2_r0_nophys_s42,nophys,42,0.5071234268974383,0.24984981179943677,0.7880448774243841,0.8408077760940903,5,25,37.72925162315369,2681.300992,38.320736978941795,4471,0.1847461462020874,0.6931471824645996,0.6931471824645996,D:\FOREST FIRE MAPPING(INDIA)\results\cdr_pino\unified\ckpt_B2_r0_nophys_s42.pt,eaa61b1f8916de681f8b260ad498ceb16ac10e8731f7adbad7cc302f08b4f056,,,0.0,"[73.65561455779084, 24.772116258426276]",,,B2
B2_r1_nophys_s42,nophys,42,0.6171698101127031,0.6031229793367583,0.8091165786725885,0.7030936700557575,30,50,78.59744024276733,2681.150464,43.88227874884935,4999,0.50210040807724,0.6931471824645996,0.6931471824645996,D:\FOREST FIRE MAPPING(INDIA)\results\cdr_pino\unified\ckpt_B2_r1_nophys_s42.pt,19b06152404775424bb0c8f9154c0f14d3bd801c085e035e0a3edaf49190eed8,,,1.0,"[83.4786050028403, 23.587544071614662]",,,B2
B2_r2_nophys_s42,nophys,42,0.4904056561104675,0.472293045483399,0.7882927637025997,0.6629448603948871,10,30,46.67142367362976,2681.426432,38.725177152516096,2613,0.45579794049263,0.6931471824645996,0.6931471824645996,D:\FOREST FIRE MAPPING(INDIA)\results\cdr_pino\unified\ckpt_B2_r2_nophys_s42.pt,d3d8f2a59492f50a8c85cc576f9fc6c99b71e8434bd8c4faa8c0108bffc7bd4b,,,2.0,"[77.76062930628184, 12.563878582489831]",,,B2
B2_r3_nophys_s42,nophys,42,0.8007798845193509,0.8745693520756217,0.7614482929677935,0.6370835302580347,35,55,86.6229796409607,2681.551872,56.47357688719774,2401,0.666388988494873,0.6931471824645996,0.6931471824645996,D:\FOREST FIRE MAPPING(INDIA)\results\cdr_pino\unified\ckpt_B2_r3_nophys_s42.pt,4a09284205846e3f017c99ff6a09577c959dacc67ca3ab68252c134b39701ec1,,,3.0,"[92.63998368731853, 25.636108055202115]",,,B2
B2_r4_nophys_s42,nophys,42,0.7624311990707328,0.4762956318050523,0.7169979891995131,0.5766602203261312,10,30,48.21476364135742,2681.275904,35.076727375259416,3912,0.26150307059288025,0.6931471824645996,0.6931471824645996,D:\FOREST FIRE MAPPING(INDIA)\results\cdr_pino\unified\ckpt_B2_r4_nophys_s42.pt,1da6da3fc027b084163f4502b5dc88f256f1dafe24c359dee3e52e0beade1551,,,4.0,"[76.83423846508921, 32.13416830232608]",,,B2
B2_r5_nophys_s42,nophys,42,0.5485830275405643,0.5349213800249741,0.7974013556176659,0.6899098621522695,10,30,47.03874635696411,2681.250816,46.01770497729821,4146,0.48504582047462463,0.6931471824645996,0.6931471824645996,D:\FOREST FIRE MAPPING(INDIA)\results\cdr_pino\unified\ckpt_B2_r5_nophys_s42.pt,660af7f0843675439d80ff4688a09fa7b6cf12a5d6f3cbd93140179a60bf9ab2,,,5.0,"[77.67652947803941, 18.886086176044532]",,,B2
B2_r0_nophys_s43,nophys,43,0.5617408503472534,0.27335136798630794,0.8026240252537769,0.8537024156470223,5,25,39.432703256607056,2681.300992,38.320736978941795,4471,0.1847461462020874,0.6931471824645996,0.6931471824645996,D:\FOREST FIRE MAPPING(INDIA)\results\cdr_pino\unified\ckpt_B2_r0_nophys_s43.pt,9b3fd8dce9fbeefa8c983c3b39e76e638ef3061e69a637be7bab88362d47076f,,,0.0,"[73.65561455779084, 24.772116258426276]",,,B2
B2_r1_nophys_s43,nophys,43,0.6289326422714125,0.6145921249804387,0.8322122945709279,0.7293589135326286,5,25,38.12533354759216,2681.150464,43.88227874884935,4999,0.50210040807724,0.6931471824645996,0.6931471824645996,D:\FOREST FIRE MAPPING(INDIA)\results\cdr_pino\unified\ckpt_B2_r1_nophys_s43.pt,7a0f98d08b8f31fcdfb253da78ed6d701e3aaea10ba83117476fc0c4d9c3a49b,,,1.0,"[83.4786050028403, 23.587544071614662]",,,B2
B2_r2_nophys_s43,nophys,43,0.4475216136967245,0.43076657944909325,0.8177330544736523,0.7036890241607364,10,30,48.007346868515015,2681.426432,38.725177152516096,2613,0.45579794049263,0.6931471824645996,0.6931471824645996,D:\FOREST FIRE MAPPING(INDIA)\results\cdr_pino\unified\ckpt_B2_r2_nophys_s43.pt,e5526449a4b257148895abbf9c36bcc2b1cb5a125c9c3364067900ecf9d4c126,,,2.0,"[77.76062930628184, 12.563878582489831]",,,B2
B2_r3_nophys_s43,nophys,43,0.7718250624219726,0.8488550050624806,0.8129432412576214,0.7187130472882124,5,25,37.67744851112366,2681.551872,56.47357688719774,2401,0.666388988494873,0.6931471824645996,0.6931471824645996,D:\FOREST FIRE MAPPING(INDIA)\results\cdr_pino\unified\ckpt_B2_r3_nophys_s43.pt,0a80614632944de7ac7255341445a6a238afae9eb2cb8230587d6fb1c8ae19f2,,,3.0,"[92.63998368731853, 25.636108055202115]",,,B2
B2_r4_nophys_s43,nophys,43,0.8063839412447593,0.47235295310865216,0.742352064937423,0.6129089452957669,5,25,39.47585654258728,2681.275904,35.076727375259416,3912,0.26150307059288025,0.6931471824645996,0.6931471824645996,D:\FOREST FIRE MAPPING(INDIA)\results\cdr_pino\unified\ckpt_B2_r4_nophys_s43.pt,120dd978044cc858f5227c01ed78db6cb0742df711a23345dcc36896284c1256,,,4.0,"[76.83423846508921, 32.13416830232608]",,,B2
B2_r5_nophys_s43,nophys,43,0.5703929325478021,0.5502390286009442,0.8608119137066751,0.8127487635734536,80,80,124.17993831634521,2681.250816,46.01770497729821,4146,0.48504582047462463,0.6931471824645996,0.6931471824645996,D:\FOREST FIRE MAPPING(INDIA)\results\cdr_pino\unified\ckpt_B2_r5_nophys_s43.pt,9d88f748e2318faa2d5a783da0f0f04eb1e460eb89ef3b81b33f2acd4e09f376,,,5.0,"[77.67652947803941, 18.886086176044532]",,,B2
B2_r0_nophys_s44,nophys,44,0.48814157175739104,0.2371856766129773,0.8161399448054838,0.8550162651608536,5,25,39.326027631759644,2681.300992,38.320736978941795,4471,0.1847461462020874,0.6931471824645996,0.6931471824645996,D:\FOREST FIRE MAPPING(INDIA)\results\cdr_pino\unified\ckpt_B2_r0_nophys_s44.pt,d462ea73075d866745b1f000a9a641858668962adf05b212f59892c917bb9a88,,,0.0,"[73.65561455779084, 24.772116258426276]",,,B2
B2_r1_nophys_s44,nophys,44,0.5725839110412508,0.549301384581061,0.8494572621519398,0.7355313443020448,5,25,39.628578901290894,2681.150464,43.88227874884935,4999,0.50210040807724,0.6931471824645996,0.6931471824645996,D:\FOREST FIRE MAPPING(INDIA)\results\cdr_pino\unified\ckpt_B2_r1_nophys_s44.pt,b2b538f5ad01f7234d49ec8a8e64f81e344eb4504ce6b66f5329992c563ee57d,,,1.0,"[83.4786050028403, 23.587544071614662]",,,B2
B2_r2_nophys_s44,nophys,44,0.4362423993358534,0.42267727807921956,0.8060651980613408,0.6827523299134808,10,30,46.432565212249756,2681.426432,38.725177152516096,2613,0.45579794049263,0.6931471824645996,0.6931471824645996,D:\FOREST FIRE MAPPING(INDIA)\results\cdr_pino\unified\ckpt_B2_r2_nophys_s44.pt,81d6d059bd839e36a14f1aca7f23817a71d64277c70a4a1d57f32c8eaae74a46,,,2.0,"[77.76062930628184, 12.563878582489831]",,,B2
B2_r3_nophys_s44,nophys,44,0.7407131710362047,0.8241173325643962,0.7974945526928849,0.7085772299506488,5,25,39.75754261016846,2681.551872,56.47357688719774,2401,0.666388988494873,0.6931471824645996,0.6931471824645996,D:\FOREST FIRE MAPPING(INDIA)\results\cdr_pino\unified\ckpt_B2_r3_nophys_s44.pt,7136239f1553f7123efd0fe57b4ce0514dd82913314093f582d941b0884db530,,,3.0,"[92.63998368731853, 25.636108055202115]",,,B2
B2_r4_nophys_s44,nophys,44,0.7789929915846909,0.4673357138276901,0.7182461650201416,0.5379175882842495,30,50,77.52203965187073,2681.275904,35.076727375259416,3912,0.26150307059288025,0.6931471824645996,0.6931471824645996,D:\FOREST FIRE MAPPING(INDIA)\results\cdr_pino\unified\ckpt_B2_r4_nophys_s44.pt,36d4e4e2c313ce71f817ec5df4d9bf3864fdbdbba05ffa513cb7519262adcdb8,,,4.0,"[76.83423846508921, 32.13416830232608]",,,B2
B2_r5_nophys_s44,nophys,44,0.5287477422187338,0.5240296121137518,0.8332066213662543,0.7072130882130598,20,40,62.45678377151489,2681.250816,46.01770497729821,4146,0.48504582047462463,0.6931471824645996,0.6931471824645996,D:\FOREST FIRE MAPPING(INDIA)\results\cdr_pino\unified\ckpt_B2_r5_nophys_s44.pt,77c29de13e6986ebbbbca5e7b53f6248d4aa8ccc0a24ffa1ccecbe8856af7dc6,,,5.0,"[77.67652947803941, 18.886086176044532]",,,B2
B2_r0_full_s42,full,42,0.47152854585371845,0.2733960721995091,0.7855810943142911,0.847094929444268,10,30,115.32285666465759,3315.987968,38.320736978941795,4471,0.1847461462020874,0.6468097567558289,0.6677678227424622,D:\FOREST FIRE MAPPING(INDIA)\results\cdr_pino\unified\ckpt_B2_r0_full_s42.pt,691a21258553f16afc6eccda1be121d2b4fa552c0813b4f63e69d8d3b72c673c,,,0.0,"[73.65561455779084, 24.772116258426276]",,,B2
B2_r1_full_s42,full,42,0.6021674651334398,0.574856287575529,0.831392516871288,0.7292991213660696,60,80,302.7578890323639,3315.83744,43.88227874884935,4999,0.50210040807724,0.5076766014099121,0.6925435662269592,D:\FOREST FIRE MAPPING(INDIA)\results\cdr_pino\unified\ckpt_B2_r1_full_s42.pt,a44bff142a44ac4baa29a5b4dccab1a4654b040335468795c58fb0327a953e30,,,1.0,"[83.4786050028403, 23.587544071614662]",,,B2
B2_r2_full_s42,full,42,0.42960477136895214,0.4159426007929867,0.8451870961996323,0.7304523158374324,20,40,159.13298511505127,3316.113408,38.725177152516096,2613,0.45579794049263,0.6177740097045898,0.6793400645256042,D:\FOREST FIRE MAPPING(INDIA)\results\cdr_pino\unified\ckpt_B2_r2_full_s42.pt,0766bfa59967ce97bfd9e45c2f7b3526edb2e37579468f1a724877d662254b8c,,,2.0,"[77.76062930628184, 12.563878582489831]",,,B2
B2_r3_full_s42,full,42,0.7323907615480649,0.816896142596572,0.7988976659780349,0.6827204380964955,10,30,120.11411929130554,3316.238848,56.47357688719774,2401,0.666388988494873,0.6466698050498962,0.694240152835846,D:\FOREST FIRE MAPPING(INDIA)\results\cdr_pino\unified\ckpt_B2_r3_full_s42.pt,d6afc0aabbd3bfe4bf2dc4bdd3961368bb354783732dd1804df208bce9fe37af,,,3.0,"[92.63998368731853, 25.636108055202115]",,,B2
B2_r4_full_s42,full,42,0.6299057299961732,0.347387683863271,0.7507316892741615,0.5916347035935416,35,55,218.90931677818298,3315.96288,35.076727375259416,3912,0.26150307059288025,0.5770941972732544,0.697273850440979,D:\FOREST FIRE MAPPING(INDIA)\results\cdr_pino\unified\ckpt_B2_r4_full_s42.pt,efd9934446e62ec56e50646b66d29e9840d6d1a30842b9a3ce59d8bb7930c291,,,4.0,"[76.83423846508921, 32.13416830232608]",,,B2
B2_r5_full_s42,full,42,0.5931209728227769,0.5673069401539993,0.8564631589965261,0.7775571824610362,10,30,120.00086522102356,3315.937792,46.01770497729821,4146,0.48504582047462463,0.6441064476966858,0.6807208061218262,D:\FOREST FIRE MAPPING(INDIA)\results\cdr_pino\unified\ckpt_B2_r5_full_s42.pt,8efab97d763bf8014f6f03b33a852526634bbd2d33208ab22ac91fdfce968831,,,5.0,"[77.67652947803941, 18.886086176044532]",,,B2
B2_r0_full_s43,full,43,0.4663235650680723,0.20802774533287605,0.7829144821844902,0.8409689599845953,25,45,180.66349959373474,3315.987968,38.320736978941795,4471,0.1847461462020874,0.5982776880264282,0.6756107807159424,D:\FOREST FIRE MAPPING(INDIA)\results\cdr_pino\unified\ckpt_B2_r0_full_s43.pt,8d51e38e256bc9c03eadca2c3fbfdbcd5b254d1eba998bf979832143af7d0330,,,0.0,"[73.65561455779084, 24.772116258426276]",,,B2
B2_r1_full_s43,full,43,0.634587563766629,0.6303389928991632,0.8237526967544467,0.7181763454082922,25,45,179.09058451652527,3315.83744,43.88227874884935,4999,0.50210040807724,0.5964348316192627,0.6928671002388,D:\FOREST FIRE MAPPING(INDIA)\results\cdr_pino\unified\ckpt_B2_r1_full_s43.pt,f602bba24eb89317189bb7f903970366accfd30291f7ec781bcf371a1b229bab,,,1.0,"[83.4786050028403, 23.587544071614662]",,,B2
B2_r2_full_s43,full,43,0.4348595478748844,0.41398408216051713,0.8382580453940145,0.7246384628585778,55,75,298.6024401187897,3316.113408,38.725177152516096,2613,0.45579794049263,0.5168277621269226,0.6528993844985962,D:\FOREST FIRE MAPPING(INDIA)\results\cdr_pino\unified\ckpt_B2_r2_full_s43.pt,f3cb33d4c302aaed4aaefb421b16a9156185fc1925425269e27392626b9516ef,,,2.0,"[77.76062930628184, 12.563878582489831]",,,B2
B2_r3_full_s43,full,43,0.7466916354556803,0.7839679395180654,0.8333880680426742,0.7043888032947253,20,40,155.90773797035217,3316.238848,56.47357688719774,2401,0.666388988494873,0.6053924560546875,0.6981595754623413,D:\FOREST FIRE MAPPING(INDIA)\results\cdr_pino\unified\ckpt_B2_r3_full_s43.pt,0ca1146822c5940d4d89ce85dd74ff286e609a15f9263d28b28d10f90312cb0f,,,3.0,"[92.63998368731853, 25.636108055202115]",,,B2
B2_r4_full_s43,full,43,0.5839521060604369,0.31522683095845244,0.7563748764265588,0.5969728027363861,40,60,229.8356511592865,3315.96288,35.076727375259416,3912,0.26150307059288025,0.5847908854484558,0.6990167498588562,D:\FOREST FIRE MAPPING(INDIA)\results\cdr_pino\unified\ckpt_B2_r4_full_s43.pt,0e98cef38a647ffa965ea84322f1dc3a7fc513d91d212e93ee33933e4d1fc78c,,,4.0,"[76.83423846508921, 32.13416830232608]",,,B2
B2_r5_full_s43,full,43,0.5618892345029738,0.565867202361385,0.870506793647381,0.8067178853906811,25,45,174.89556646347046,3315.937792,46.01770497729821,4146,0.48504582047462463,0.5826516151428223,0.677323579788208,D:\FOREST FIRE MAPPING(INDIA)\results\cdr_pino\unified\ckpt_B2_r5_full_s43.pt,e7235bc31ace09fef5829ee6cbffc9471b5859fd519c6ee1f1020380ae927c93,,,5.0,"[77.67652947803941, 18.886086176044532]",,,B2
B2_r0_full_s44,full,44,0.37852326813406534,0.163163133535179,0.8083460652854404,0.8379467006962857,80,80,321.4792070388794,3315.987968,38.320736978941795,4471,0.1847461462020874,0.5069399476051331,0.6289418935775757,D:\FOREST FIRE MAPPING(INDIA)\results\cdr_pino\unified\ckpt_B2_r0_full_s44.pt,63602cd396796c1ff371eb65af1c497edc6fee2dccf3ef8119a48eed03c9e0ac,,,0.0,"[73.65561455779084, 24.772116258426276]",,,B2
B2_r1_full_s44,full,44,0.6253942846532712,0.5932920656124095,0.8537493409914252,0.7395894230106534,25,45,180.53605151176453,3315.83744,43.88227874884935,4999,0.50210040807724,0.5930513739585876,0.6802465915679932,D:\FOREST FIRE MAPPING(INDIA)\results\cdr_pino\unified\ckpt_B2_r1_full_s44.pt,4b2f1dbfc51c9caf915740856f510c81d1e8a408733a52921d7626192c645aec,,,1.0,"[83.4786050028403, 23.587544071614662]",,,B2
B2_r2_full_s44,full,44,0.4777518566936033,0.43693765736232315,0.8379374402518086,0.7113244636731958,20,40,162.1006965637207,3316.113408,38.725177152516096,2613,0.45579794049263,0.6047714352607727,0.6526513695716858,D:\FOREST FIRE MAPPING(INDIA)\results\cdr_pino\unified\ckpt_B2_r2_full_s44.pt,92906f54223b5dfe22d641af2c6f4664c16951be2457c8c1836add59f7afa757,,,2.0,"[77.76062930628184, 12.563878582489831]",,,B2
B2_r3_full_s44,full,44,0.7463342696629214,0.7981616214688989,0.8229116562953287,0.6783728494865678,25,45,180.36078453063965,3316.238848,56.47357688719774,2401,0.666388988494873,0.5877350568771362,0.6652198433876038,D:\FOREST FIRE MAPPING(INDIA)\results\cdr_pino\unified\ckpt_B2_r3_full_s44.pt,eb75529482559014cbe9811fed910adc936aa7e2e811c3498d895968e434c67c,,,3.0,"[92.63998368731853, 25.636108055202115]",,,B2
B2_r4_full_s44,full,44,0.5838495834978601,0.3506768647160605,0.7413286750909568,0.5355662458468861,50,70,278.8375105857849,3315.96288,35.076727375259416,3912,0.26150307059288025,0.5587993264198303,0.6822956800460815,D:\FOREST FIRE MAPPING(INDIA)\results\cdr_pino\unified\ckpt_B2_r4_full_s44.pt,5f5237020ac1b9117ee70e9a9ffd65c3d406764defa0cd719f68d819f113d297,,,4.0,"[76.83423846508921, 32.13416830232608]",,,B2
B2_r5_full_s44,full,44,0.5626413042085858,0.5442098816549518,0.8754430793341859,0.8066521838249269,25,45,178.7090482711792,3315.937792,46.01770497729821,4146,0.48504582047462463,0.5857117772102356,0.6751111745834351,D:\FOREST FIRE MAPPING(INDIA)\results\cdr_pino\unified\ckpt_B2_r5_full_s44.pt,ebb744bd4b7b853226c295189f57edc97a5bb7ab1146a6d602906ac5ae5f523e,,,5.0,"[77.67652947803941, 18.886086176044532]",,,B2
B3_nophys_s42,nophys,42,0.905093377741632,0.15620323560022456,0.9074755062221898,0.13791325101018145,80,80,142.1898901462555,2682.952704,41.40424245483079,856596,0.0246382188051939,0.6931471824645996,0.6931471824645996,D:\FOREST FIRE MAPPING(INDIA)\results\cdr_pino\unified\ckpt_B3_nophys_s42.pt,d5e6b66fd2ea9df3f39bd91d92066b6f3a00929a9aa53d0317a199248648c7bd,,,,,"[2000, 2008, 2009, 2015]","[2001, 2012, 2013, 2020]",B3
B3_nophys_s43,nophys,43,0.904303314574322,0.15438757249590385,0.9066911296836467,0.1365894453658538,75,80,142.48011350631714,2682.952704,41.40424245483079,856596,0.0246382188051939,0.6931471824645996,0.6931471824645996,D:\FOREST FIRE MAPPING(INDIA)\results\cdr_pino\unified\ckpt_B3_nophys_s43.pt,ef352efb0ffa8268254555fae3343531a6f4a1a3e5f9ed9ab4f36c9233eaeeee,,,,,"[2000, 2008, 2009, 2015]","[2001, 2012, 2013, 2020]",B3
B3_nophys_s44,nophys,44,0.903668966325184,0.15171198192229846,0.906645988699538,0.13504551158420428,80,80,142.84761667251587,2682.952704,41.40424245483079,856596,0.0246382188051939,0.6931471824645996,0.6931471824645996,D:\FOREST FIRE MAPPING(INDIA)\results\cdr_pino\unified\ckpt_B3_nophys_s44.pt,f36b96ebc3adb513e8651c965df23cfab242c6562f3e98f19ec7f4086cf5f61f,,,,,"[2000, 2008, 2009, 2015]","[2001, 2012, 2013, 2020]",B3
B3_diff_s42,diff,42,0.8854173707622436,0.13715955832103563,0.8888320539960404,0.12454042873590386,10,30,111.74467182159424,3008.219648,41.40424245483079,856596,0.0246382188051939,0.6931471824645996,0.6940855383872986,D:\FOREST FIRE MAPPING(INDIA)\results\cdr_pino\unified\ckpt_B3_diff_s42.pt,52aff9156940953a5eaca9b6afd0e798beb3182fdb8347c9e97f89bf2c0a5333,,,,,"[2000, 2008, 2009, 2015]","[2001, 2012, 2013, 2020]",B3
B3_diff_s43,diff,43,0.891989736932197,0.14113769988516653,0.8954599413285633,0.12541438299691637,45,65,245.06826758384705,3008.219648,41.40424245483079,856596,0.0246382188051939,0.6931471824645996,0.6985137462615967,D:\FOREST FIRE MAPPING(INDIA)\results\cdr_pino\unified\ckpt_B3_diff_s43.pt,22118deb8a0b3e789dd98cda233c0a2192b44470c617bec31536dec17c286cdf,,,,,"[2000, 2008, 2009, 2015]","[2001, 2012, 2013, 2020]",B3
B3_diff_s44,diff,44,0.879161716048418,0.13009103395786592,0.8821254382925473,0.11842565084166339,5,25,95.7320294380188,3008.154112,41.40424245483079,856596,0.0246382188051939,0.6931471824645996,0.6974021792411804,D:\FOREST FIRE MAPPING(INDIA)\results\cdr_pino\unified\ckpt_B3_diff_s44.pt,d216db7c5b4c1c837d4d6b6f0f4d9eb87a90345154dcec2ccdb5e1f20bd26c80,,,,,"[2000, 2008, 2009, 2015]","[2001, 2012, 2013, 2020]",B3
B3_diffadv_s42,diffadv,42,0.8946137717790394,0.14294340715694243,0.8975241631071309,0.12749766250199165,65,80,320.1733250617981,3070.489088,41.40424245483079,856596,0.0246382188051939,0.4509287178516388,0.6856657862663269,D:\FOREST FIRE MAPPING(INDIA)\results\cdr_pino\unified\ckpt_B3_diffadv_s42.pt,f63a11cd5f29e19c0a1bf0c18ae26cf662ba92bc9045e00c2f0d8b2aec52afe5,,,,,"[2000, 2008, 2009, 2015]","[2001, 2012, 2013, 2020]",B3
B3_diffadv_s43,diffadv,43,0.8948200342275061,0.14245337483555168,0.8976730302820808,0.12681929778713427,70,80,467.8187243938446,3070.489088,41.40424245483079,856596,0.0246382188051939,0.4882574677467346,0.6880506873130798,D:\FOREST FIRE MAPPING(INDIA)\results\cdr_pino\unified\ckpt_B3_diffadv_s43.pt,1b1e2c9828eefb400c61a9fa41b9c0e81421884c33d0b49baeb8ba4a8339af79,,,,,"[2000, 2008, 2009, 2015]","[2001, 2012, 2013, 2020]",B3
B3_diffadv_s44,diffadv,44,0.8929415890987706,0.13913058198171707,0.8962163496041335,0.12493303467777228,75,80,330.544757604599,3070.489088,41.40424245483079,856596,0.0246382188051939,0.4473913013935089,0.6784917116165161,D:\FOREST FIRE MAPPING(INDIA)\results\cdr_pino\unified\ckpt_B3_diffadv_s44.pt,6604a710a00a53e4c0c05da2cf3a4b5e01359370465bef9b9fafb3c60b225fea,,,,,"[2000, 2008, 2009, 2015]","[2001, 2012, 2013, 2020]",B3
B3_full_s42,full,42,0.8952036319473488,0.14381447933261748,0.899624021923322,0.12865600435738653,65,80,325.16979217529297,3317.705216,41.40424245483079,856596,0.0246382188051939,0.5166290998458862,0.6763129234313965,D:\FOREST FIRE MAPPING(INDIA)\results\cdr_pino\unified\ckpt_B3_full_s42.pt,4de393a4266626876cf42a6c3b4146206f33e51ca2cdb81cfe5eafec8dbd6e22,,,,,"[2000, 2008, 2009, 2015]","[2001, 2012, 2013, 2020]",B3
B3_full_s43,full,43,0.8952581081824844,0.14181297244349989,0.8984358508099433,0.12638563712940548,70,80,355.9869523048401,3317.705216,41.40424245483079,856596,0.0246382188051939,0.45436471700668335,0.6730685234069824,D:\FOREST FIRE MAPPING(INDIA)\results\cdr_pino\unified\ckpt_B3_full_s43.pt,5f6afa9c6da4bc365348af99612157c2c60d816b3c4426d7039b45580095fdb6,,,,,"[2000, 2008, 2009, 2015]","[2001, 2012, 2013, 2020]",B3
B3_full_s44,full,44,0.8898373466601512,0.1372509823755052,0.8924240549212586,0.12273655788244628,65,80,346.9248147010803,3317.705216,41.40424245483079,856596,0.0246382188051939,0.512770414352417,0.659517765045166,D:\FOREST FIRE MAPPING(INDIA)\results\cdr_pino\unified\ckpt_B3_full_s44.pt,0af7aa83e95b60511dcef3e62dca199f9a79914b40ee13ca4954c035412f4af1,,,,,"[2000, 2008, 2009, 2015]","[2001, 2012, 2013, 2020]",B3
B3orig_nophys_s42,nophys,42,0.9051291179819642,0.1562913618483873,0.9072469046282268,0.13849172258401884,80,80,143.874196767807,2682.69056,41.40424245483079,856596,0.0246382188051939,0.6931471824645996,0.6931471824645996,D:\FOREST FIRE MAPPING(INDIA)\results\cdr_pino\unified\ckpt_B3orig_nophys_s42.pt,682d535d04d20dc5c64f4327baf73d08f20dabbb52a846035cf4a05e61ad491b,,,,,"[2000, 2008, 2009, 2015]","[2001, 2012, 2013, 2020]",B3orig
B3orig_nophys_s43,nophys,43,0.9047277945300106,0.15567861941599495,0.9070647311994023,0.13688895326550524,80,80,146.13745021820068,2682.69056,41.40424245483079,856596,0.0246382188051939,0.6931471824645996,0.6931471824645996,D:\FOREST FIRE MAPPING(INDIA)\results\cdr_pino\unified\ckpt_B3orig_nophys_s43.pt,b6d71685bbc55036ae1532eb4076d7af949d99e1f689919bc76ec2a6d21483c1,,,,,"[2000, 2008, 2009, 2015]","[2001, 2012, 2013, 2020]",B3orig
B3orig_nophys_s44,nophys,44,0.9035631536712847,0.15189403806242313,0.9058047885979945,0.13474114115488708,80,80,145.95661330223083,2682.69056,41.40424245483079,856596,0.0246382188051939,0.6931471824645996,0.6931471824645996,D:\FOREST FIRE MAPPING(INDIA)\results\cdr_pino\unified\ckpt_B3orig_nophys_s44.pt,c0426a2479c176ce747cdf4196527d516d35362e7f55936914f39d8bcdd5c118,,,,,"[2000, 2008, 2009, 2015]","[2001, 2012, 2013, 2020]",B3orig
B3orig_full_s42,full,42,0.8968202251980062,0.14603321516033643,0.8996998469444859,0.12906831901747187,60,80,332.92179346084595,3317.443072,41.40424245483079,856596,0.0246382188051939,0.539944589138031,0.6808889508247375,D:\FOREST FIRE MAPPING(INDIA)\results\cdr_pino\unified\ckpt_B3orig_full_s42.pt,ff9fa2c3f327d42642959648fd0e2497cbdb64a5e870d219d278fbc443264f28,,,,,"[2000, 2008, 2009, 2015]","[2001, 2012, 2013, 2020]",B3orig
B3orig_full_s43,full,43,0.8962478680832142,0.14296041837192,0.9000139740861596,0.127531646139182,80,80,330.56616473197937,3317.443072,41.40424245483079,856596,0.0246382188051939,0.4737401604652405,0.6734891533851624,D:\FOREST FIRE MAPPING(INDIA)\results\cdr_pino\unified\ckpt_B3orig_full_s43.pt,bd682fd9a50154baad900aa257e8fca91359b8dd42ad251a386e0d78ae2ff9a2,,,,,"[2000, 2008, 2009, 2015]","[2001, 2012, 2013, 2020]",B3orig
B3orig_full_s44,full,44,0.8891171912155551,0.13735276288121756,0.8925583613357319,0.12300726293160108,45,65,270.6737439632416,3315.34592,41.40424245483079,856596,0.0246382188051939,0.532153308391571,0.6626315116882324,D:\FOREST FIRE MAPPING(INDIA)\results\cdr_pino\unified\ckpt_B3orig_full_s44.pt,fd0fb3ad16c93fb9d4b35bcbc167c26db73538ac007b6e3795f8648bf5f79ce1,,,,,"[2000, 2008, 2009, 2015]","[2001, 2012, 2013, 2020]",B3orig
